{
  "project_info": {
    "project_number": "848850275512",
    "firebase_url": "https://adverb-firebase.firebaseio.com",
    "project_id": "adverb-firebase",
    "storage_bucket": "adverb-firebase.appspot.com"
  },
  "client": [
    {
      "client_info": {
        "mobilesdk_app_id": "1:848850275512:android:1a2a7f3a94fd4ca420784d",
        "android_client_info": {
          "package_name": "com.example.adjective"
        }
      },
      "oauth_client": [
        {
          "client_id": "848850275512-n166ifsmr94mokfgmm1mfuljffrdsc6b.apps.googleusercontent.com",
          "client_type": 3
        }
      ],
      "api_key": [
        {
          "current_key": "AIzaSyDSzmXiWw7yB6mP8JRc2EvZ1DxtkD0I5hs"
        }
      ],
      "services": {
        "appinvite_service": {
          "other_platform_oauth_client": [
            {
              "client_id": "848850275512-n166ifsmr94mokfgmm1mfuljffrdsc6b.apps.googleusercontent.com",
              "client_type": 3
            }
          ]
        }
      }
    }
  ],
  "configuration_version": "1"
}